id,studios,director
39486,Bandai Namco Pictures,Fujita Youichi
42938,TMS Entertainment,Ibata Yoshihide
28977,Bandai Namco Pictures,Fujita Youichi
38524,Wit Studio,Yabuta Shuuhei
5114,Bones,Cook Justin
35247,Shaft,Shinbou Akiyuki
15417,Sunrise,Fujita Youichi
11061,Madhouse,Maruyama Masao
9253,White Fox,Iwasa Gaku
9969,Sunrise,Fujita Youichi
35180,Shaft,Shinbou Akiyuki
820,K-Factory,Ishiguro Noboru
32935,Production I.G,Morihiro Fumi
37987,Kyoto Animation,Karasawa Miho
15335,Sunrise,Fujita Youichi
28851,Kyoto Animation,Senami Riri
37510,Bones,Minami Masahiko
40028,MAPPA,Hayashi Yuuichirou
34096,Bandai Namco Pictures,Fujita Youichi
17074,Shaft,Iwakami Atsuhiro
37491,Bandai Namco Pictures,Fujita Youichi
40417,TMS Entertainment,Ibata Yoshihide
2921,Tokyo Movie Shinsha,Dezaki Osamu
40748,MAPPA,Seshita Keisuke
33095,Studio Deen,Omata Shinichi
44074,Studio LAN,Li Haoling
37521,Wit Studio,Ueda Youko
40434,B.CMAY PICTURES,Mo Xiang Tong Xiu
28891,Production I.G,Morihiro Fumi
19,Madhouse,Maruyama Masao
4181,Kyoto Animation,Hatta Youko
7311,Kyoto Animation,Hatta Hideaki
199,Studio Ghibli,Suzuki Toshio
46102,OLM,Kinoshita Baku
48661,David Production,Suzuki Kenichi
263,Madhouse,Nishimura Satoshi
32281,CoMix Wave Films,Kawamura Genki
21,Toei Animation,Cook Justin
40456,ufotable,Sotozaki Haruo
40591,A-1 Pictures,Omata Shinichi
36838,Bandai Namco Pictures,Fujita Youichi
40776,Production I.G,Morihiro Fumi
35760,Wit Studio,Wada Jouji
33050,ufotable,Aimer
24701,Artland,Nagahama Hiroshi
36862,Kinema Citrus,Kojima Masayuki
21939,Artland,Nagahama Hiroshi
37991,David Production,Tsuda Naokatsu
431,Studio Ghibli,Suzuki Toshio
3297,Hal Film Maker,Satou Junichi
164,Studio Ghibli,Suzuki Toshio
38000,ufotable,Kondou Hikaru
44,Studio Deen,Campbell Charles
44070,Haoliners Animation League,Mo Xiang Tong Xiu
16498,Wit Studio,Wada Jouji
37779,CloverWorks,Fukushima Yuuichi
40834,Wit Studio,Okada Maiko
7785,Madhouse,Yuasa Masaaki
5258,Madhouse,Shishido Jun
38329,CloverWorks,Masui Souichi
42203,White Fox,nonoc
918,Sunrise,Takamatsu Shinji
22135,Tatsunoko Production,Yuasa Masaaki
11741,ufotable,Iwakami Atsuhiro
36649,MAPPA,Utsumi Hiroko
34591,Shuka,Oomori Takahiro
11665,Brain's Base,Oomori Takahiro
457,Artland,Cook Justin
33352,Kyoto Animation,Ishidate Taichi
25777,Wit Studio,Yabuta Shuuhei
4282,ufotable,Iwakami Atsuhiro
10379,Brain's Base,Oomori Takahiro
40730,Haoliners Animation League,Amamiya Sora
32983,Shuka,Oomori Takahiro
1535,Madhouse,Maruyama Masao
877,Madhouse,Maruyama Masao
801,Production I.G,Maseba Yutaka
36999,Shaft,Shinbou Akiyuki
38474,C-Station,Kyougoku Yoshiaki
32182,Bones,Tachikawa Yuzuru
31933,David Production,Tsuda Naokatsu
19647,Madhouse,Shishido Jun
35839,Madhouse,Ishizuka Atsuko
12365,J.C.Staff,Kasai Kenichi
37379,Madhouse,Asaka Morio
39551,8bit,STEREO DIVE FOUNDATION
30654,Lerche,Kishi Seiji
40787,Bones,Tamura Koutarou
36098,Studio VOLN,Ushijima Shinichirou
28957,Artland,Nagahama Hiroshi
39533,Lerche,Higa Yuuji
28735,Studio Deen,Omata Shinichi
20583,Production I.G,Morihiro Fumi
38883,Production I.G,Morihiro Fumi
34612,J.C.Staff,Sakurai Hiroaki
47778,ufotable,Sotozaki Haruo
12355,Studio Chizu,Saitou Yuuichirou
31181,Shaft,Shinbou Akiyuki
23273,A-1 Pictures,Saitou Shunsuke
33255,J.C.Staff,Sakurai Hiroaki
42249,LIDENFILMS,Hatsumi Kouichi
12431,A-1 Pictures,Watanabe Ayumu
30484,White Fox,Kawamura Kenichi
41487,8bit,Terashima Takuma
45556,,
37965,Production I.G,Morihiro Fumi
37999,A-1 Pictures,Omata Shinichi
38450,B.CMAY PICTURES,Xiong Ke
9617,Kyoto Animation,Yamada Naoko
31646,Shaft,Shinbou Akiyuki
39587,White Fox,Watanabe Masaharu
39547,feel.,Oikawa Kei
40059,Geno Studio,Nanba Hitoshi
21329,Artland,Nagahama Hiroshi
11981,Shaft,Iwakami Atsuhiro
30709,TMS Entertainment,Daichi Akitarou
14397,Madhouse,Asaka Morio
49053,Lerche,Oohashi Akiyo
7472,Sunrise,Azuma Fukashi
39741,Kyoto Animation,Ishidate Taichi
35557,Orange,Kyougoku Takahiko
36885,CloverWorks,Kamei Kanta
33255,J.C.Staff,Sakurai Hiroaki
48569,A-1 Pictures,amazarashi
49926,ufotable,LiSA
38680,TMS Entertainment,Ibata Yoshihide
25781,Wit Studio,Nakatake Tetsuya
30276,Madhouse,Hosoya Nobuyuki
44087,Bandai Namco Pictures,Takeuchi Shinji
38889,Platinum Vision,Mizuno Ryouma
5300,Brain's Base,Miyake Masanori
42897,CloverWorks,Ishihama Masashi
30346,A-1 Pictures,Fukushima Yuuichi
38003,Bones,Igarashi Takuya
6594,White Fox,Iwasa Gaku
2251,Brain's Base,Cook Justin
25835,P.A. Works,Horikawa Kenji
42984,Bones,Kawamura Genki
6114,Madhouse,Koujina Hiroshi
40852,TMS Entertainment,Iino Shinya
41025,Brain's Base,Murata Masahiko
1735,Studio Pierrot,Yamashita Hiroyuki
136,Nippon Animation,Furuhashi Kazuhiro
43325,Production I.G,Morihiro Fumi
32867,Bones,Igarashi Takuya
40682,Pierrot Plus,Imaizumi Kenichi
11577,White Fox,Hamasaki Hiroshi
31988,Kyoto Animation,Ishihara Tatsuya
5941,SynergySP,Sekita Osamu
37095,Kyoto Animation,Fujita Haruka
28701,ufotable,Iwakami Atsuhiro
3002,Madhouse,Satou Yuuzou
40784,,
37208,B.CMAY PICTURES,Xiong Ke
5205,ufotable,Iwakami Atsuhiro
31043,A-1 Pictures,Itou Tomohiko
22789,Kinema Citrus,Tachibana Masaki
578,Studio Ghibli,Takahata Isao
26055,David Production,Tsuda Naokatsu
24687,Artland,Soutome Kouichirou
39808,SILVER LINK.,Kawatsura Shinya
44042,Hololive Production,
38249,J.C.Staff,Sakurai Hiroaki
46095,Wit Studio,Ezaki Shinpei
32843,Satelight,Ono Katsumi
10087,ufotable,Iwakami Atsuhiro
10162,Production I.G,Matsushita Keiko
10165,Kyoto Animation,Senami Riri
10030,J.C.Staff,Kasai Kenichi
40421,Lerche,Yamaguchi Hikaru
38826,CoMix Wave Films,Shinkai Makoto
37515,Kinema Citrus,Tsukushi Akihito
170,Toei Animation,Nishizawa Nobutaka
22535,Madhouse,Shimizu Kenichi
30230,Production I.G,Masuhara Mitsuyuki
5,Bones,Maseba Yutaka
38691,TMS Entertainment,Iino Shinya
9756,Shaft,Iwakami Atsuhiro
35677,Kyoto Animation,Senami Riri
392,Studio Pierrot,Cook Justin
35851,P.A. Works,Horikawa Kenji
467,Production I.G,Maseba Yutaka
35843,Bandai Namco Pictures,Fujita Youichi
7791,Kyoto Animation,Hatta Youko
38731,Madhouse,Masuhara Mitsuyuki
5028,SynergySP,Fukushima Toshinori
31812,A-1 Pictures,Sabat Christopher
42923,Bones,Utsumi Hiroko
19363,A-1 Pictures,Deai Kotomi
33486,Bones,Nagasaki Kenji
34537,Science SARU,Choi Eun-Young
41402,Bandai Namco Pictures,Moriwaki Makoto
440,J.C.Staff,Kobayashi Noriko
41457,A-1 Pictures,Nakayama Nobuhiro
18617,Actas,Mizushima Tsutomu
32937,Studio Deen,Kanasaki Takaomi
12531,Tezuka Productions,Maruyama Masao
35608,Kyoto Animation,Ishihara Tatsuya
137,Nippon Animation,Hiramitsu Takuya
48926,OLM,Watanabe Ayumu
2246,Toei Animation,Shibata Hiroaki
32937,Studio Deen,Kanasaki Takaomi
41402,Bandai Namco Pictures,Moriwaki Makoto
10271,Madhouse,Satou Yuuzou
39565,Bones,Nagasaki Kenji
38234,Toei Animation,Ootsuka Takashi
41457,A-1 Pictures,Nakayama Nobuhiro
338,Tokyo Movie Shinsha,Dezaki Osamu
25681,TMS Entertainment,Daichi Akitarou
9989,A-1 Pictures,Saitou Shunsuke
19363,A-1 Pictures,Deai Kotomi
585,Studio Ghibli,Miyazaki Hayao
1033,Madhouse,Maki Taro
37450,CloverWorks,Masui Souichi
37055,Nut,Uemura Yutaka
13125,A-1 Pictures,Ochikoshi Tomonori
572,Topcraft,Takahata Isao
40729,TMS Entertainment,Moriyama You
36538,Shuka,Oomori Takahiro
12531,Tezuka Productions,Maruyama Masao
36456,Bones,Nagasaki Kenji
39112,,
37520,Tezuka Productions,Yamamoto Kouji
185,Gallop,Masaki Shinichi
36990,SILVER LINK.,Kawatsura Shinya
440,J.C.Staff,Kobayashi Noriko
23623,SILVER LINK.,Gou Fumiyuki
40435,B.CMAY PICTURES,Mo Xiang Tong Xiu
35838,White Fox,Ozaki Takaharu
23847,feel.,Oikawa Kei
18115,A-1 Pictures,Ochikoshi Tomonori
35608,Kyoto Animation,Ishihara Tatsuya
24415,Production I.G,Morihiro Fumi
31240,White Fox,Watanabe Masaharu
40542,J.C.Staff,Sakurai Hiroaki
42250,Bones,Kikuchi Toshihiro
486,A.C.G.T.,Nakamura Ryuutarou
34537,Science SARU,Choi Eun-Young
31812,A-1 Pictures,Sabat Christopher
23327,Bones,Watanabe Shinichiro
512,Studio Ghibli,Miyazaki Hayao
39783,Bibury Animation Studios,Kaori
235,TMS Entertainment,Shizuno Koubun
34822,feel.,Kishi Seiji
16894,Production I.G,Morihiro Fumi
20651,Brain's Base,Oomori Takahiro
17739,Shaft,Shinbou Akiyuki
38668,MAPPA,Hayashi Yuuichirou
5420,Production I.G,Wada Jouji
32188,White Fox,Itou Kanako
11917,SynergySP,Ishida Tooru
10863,White Fox,Iwasa Gaku
28805,Studio Chizu,Saitou Yuuichirou
30503,Bones,Tamura Koutarou
265,Madhouse,Nanba Hitoshi
33323,TMS Entertainment,Hanae
777,Madhouse,Tonokatsu Hideki
16664,Studio Ghibli,Nishimura Yoshiaki
42941,Studio Kai,Masuo Masashi
37962,TROYCA,Bessho Makoto
34534,Shuka,Aimer
36275,Shuka,Yasuda Rei
34036,TMS Entertainment,Aoyama Gosho
31715,A-1 Pictures,Wakabayashi Shin
20,Studio Pierrot,Kobayashi Noriko
10408,Brain's Base,Miyake Masanori
35466,TMS Entertainment,Yui
11977,Shaft,Iwakami Atsuhiro
38408,Bones,Nagasaki Kenji
34076,P.A. Works,Yoshihara Masayuki
44200,Bones,Nagasaki Kenji
28223,Madhouse,Tachikawa Yuzuru
264,Madhouse,Nishimura Satoshi
6811,Sunrise,Tsuruoka Youta
2402,Mushi Production,Dezaki Osamu
5690,J.C.Staff,Yamamoto Kouji
40935,Orange,YOASOBI
1430,Tokyo Movie Shinsha,Maseba Yutaka
2418,Bones,Minami Masahiko
329,Sunrise,Taniguchi Gorou
40911,Production I.G,Sabat Christopher
57,Madhouse,Cook Justin
5040,Madhouse,Satou Yuuzou
40615,Studio Hibari,Oohashi Akiyo
38993,Shin-Ei Animation,Akagi Hiroaki
40907,Toei Animation,Hatano Morio
36946,Toei Animation,Sabat Christopher
22297,ufotable,Iwakami Atsuhiro
523,Studio Ghibli,Miyazaki Hayao
37514,Kinema Citrus,Kojima Masayuki
721,Hal Film Maker,Chung Jin Ho
22507,SynergySP,Hashimoto Mitsuo
513,Studio Ghibli,Takahata Isao
36296,feel.,Oikawa Kei
3091,Production I.G,Morishita Katsuji
40174,MAPPA,Sakai Munehisa
39792,Science SARU,Choi Eun-Young
523,Studio Ghibli,Miyazaki Hayao
44200,Bones,Nagasaki Kenji
36275,Shuka,Yasuda Rei
264,Madhouse,Nishimura Satoshi
38668,MAPPA,Hayashi Yuuichirou
18195,J.C.Staff,Yamakawa Yoshiki
1889,Studio Deen,Kon Chiaki
186,Pastel,Masaki Shinichi
42941,Studio Kai,Masuo Masashi
10408,Brain's Base,Miyake Masanori
30503,Bones,Tamura Koutarou
11843,Sunrise,Takamatsu Shinji
40615,Studio Hibari,Oohashi Akiyo
11977,Shaft,Iwakami Atsuhiro
16894,Production I.G,Morihiro Fumi
17389,Studio Pierrot,Iwanaga Akira
232,Madhouse,Maseba Yutaka
38408,Bones,Nagasaki Kenji
22145,A-1 Pictures,Abe Noriyuki
3226,SynergySP,Fukushima Toshinori
239,Gonzo,Maeda Mahiro
121,Bones,Cook Justin
5460,Tokyo Movie Shinsha,Suwa Michihiko
11239,Shaft,Shinbou Akiyuki
36371,Production I.G,Kuroki Rui
41169,Sunrise,Kyougoku Takahiko
558,Studio Hibari,Kasai Kenichi
33051,Sunrise,Nagai Tatsuyuki
4224,J.C.Staff,Kasai Kenichi
33206,Kyoto Animation,Takemoto Yasuhiro
2890,Studio Ghibli,Suzuki Toshio
37171,Lerche,Higa Yuuji
20899,David Production,Mizusaki Junpei
40815,Ajia-Do,Hongou Mitsuru
35857,Telecom Animation Film,Yano Yuuichirou
45,Gallop,Furuhashi Kazuhiro
627,Studio Hibari,Kasai Kenichi
35848,Trigger,Wakabayashi Hiromi
40262,Production I.G,Morihiro Fumi
38349,A-1 Pictures,Takano Yayoi
38081,Actas,
1827,Production I.G,Matsuda Akio
10721,Brain's Base,Ikuhara Kunihiko
34944,Bones,Igarashi Takuya
27989,Kyoto Animation,Nakamura Shinichi
27833,Shuka,Oomori Takahiro
30370,Studio Pierrot,Yoneda Kazuhiro
1365,TMS Entertainment,Suwa Michihiko
35968,A-1 Pictures,Hiraike Yoshimasa
32902,Wit Studio,Naganuma Norihiro
1096,Production I.G,Ishikawa Mitsuhisa
29831,TYO Animations,Satou Junichi
31658,Production I.G,Morihiro Fumi
7674,J.C.Staff,Kasai Kenichi
16662,Studio Ghibli,Suzuki Toshio
813,Toei Animation,Seki Hiromi
6,Madhouse,Maseba Yutaka
25879,A-1 Pictures,Kamakura Yumi
28675,Kyoto Animation,Ishidate Taichi
31964,Bones,Nagasaki Kenji
39570,J.C.Staff,Méyère Bruno
49200,Studio LAN,
33161,feel.,Hayami Saori
38088,Yumeta Company,Taguchi Tomohisa
339,Triangle Staff,Ueda Yasuyuki
14713,TMS Entertainment,Daichi Akitarou
45577,TROYCA,Bessho Makoto
18689,Production I.G,Morishita Katsuji
1142,J.C.Staff,Yamamoto Kouji
34636,Production I.G,Morishita Katsuji
21647,Kyoto Animation,Nakamura Shinichi
39198,Lerche,Higa Yuuji
6864,Production I.G,Mizushima Tsutomu
2685,Production I.G,Kuroki Rui
139,Nippon Animation,Tokoro Toshikatsu
138,Nippon Animation,Matsushita Yukihiro
35382,MAPPA,Yamamoto Sayo
387,Radix,Ueda Yasuyuki
6945,Sunrise,DOES
6746,Brain's Base,Matsumoto Miho
2559,Nippon Animation,Kusuba Kouzou
31173,Bones,Andou Masahiro
25013,Studio Pierrot,Yoneda Kazuhiro
35222,Brain's Base,Motoyama Satoshi
21899,Sunrise,SPYAIR
12189,Kyoto Animation,Hatta Hideaki
12115,Studio 4°C,Kubooka Toshiyuki
16918,A-1 Pictures,Saitou Shunsuke
12859,Toei Animation,Oda Eiichiro
40080,Colored Pencil Animation,Huang Chengxi
16049,J.C.Staff,Nakayama Nobuhiro
10153,Seven Arcs,Kusakawa Keizou
39534,Lerche,Higa Yuuji
42916,A-1 Pictures,Kouno Ayako
40211,,Nakayama Nobuhiro
3701,Madhouse,Yuasa Masaaki
18,A.C.G.T.,Tominaga Tsuneo
37765,Sunrise,Murase Shukou
14807,ufotable,Sudou Tomonori
237,Bones,Kyouda Tomoki
44235,Shin-Ei Animation,Misato Tomoki
42076,,Yasui Marie
44086,PERIMETRON,Yamada Ryoji
6045,Production I.G,Wada Jouji
35790,Kinema Citrus,Abo Takao
48580,Bones,Itamura Tomoyuki
4477,J.C.Staff,Yamamoto Kouji
42640,,
14813,Brain's Base,Yoshimura Ai
15059,SynergySP,Hashimoto Mitsuo
77,Seven Arcs,Kusakawa Keizou
135,Studio Pierrot,Nishizawa Susumu
40215,Fanworks,Percy Xavier
283,Nippon Animation,Takahata Isao
38409,,
37765,Sunrise,Murase Shukou
33970,Actas,Mizushima Tsutomu
38337,Encourage Films,Hashimoto Hiroyuki
7465,Studio Rikka,Yoshiura Yasuhiro
43299,CloverWorks,Wakabayashi Shin
2581,Sunrise,Yatate Hajime
30015,TMS Entertainment,Kosaka Satoru
44940,Toei Animation,Hatano Morio
5680,Kyoto Animation,Hatta Youko
36370,Production I.G,Kuroki Rui
5681,Madhouse,Saitou Yuuichirou
37822,Sparkly Key Animation Studio,Tang Jia San Shao
3167,Studio Rikka,Yoshiura Yasuhiro
37959,Brain's Base,Tokeino Hari
38422,J.C.Staff,sora tob sakana
6467,Tokyo Movie Shinsha,Suwa Michihiko
23199,Shuka,Oomori Takahiro
7054,J.C.Staff,Matsuda Akio
35062,Wit Studio,Wada Jouji
7062,Shaft,Iwakami Atsuhiro
31478,Bones,Igarashi Takuya
23283,MAPPA,Ueda Masuo
24277,TMS Entertainment,Nabeshima Osamu
34572,Studio Pierrot,Yoshihara Tatsuya
40956,David Production,Minamikawa Tatsuma
34376,Studio Gokumi,Hanazawa Kana
2025,Bones,Cook Justin
34100,SILVER LINK.,Oonuma Shin
37786,TROYCA,Katou Makoto
23317,A-1 Pictures,Abe Noriyuki
18661,TMS Entertainment,Daichi Akitarou
4107,Gainax,Imaishi Hiroyuki
37870,SANZIGEN,Kakimoto Koudai
9890,SynergySP,Fukushima Toshinori
10012,Lerche,Higa Yuuji
3016,Kitty Films,Ishiguro Noboru
32005,TMS Entertainment,Suwa Michihiko
17549,SILVER LINK.,Gou Fumiyuki
6336,Sunrise,Yatate Hajime
4155,Toei Animation,Sakai Munehisa
31490,Toei Animation,Miyamoto Hiroaki
30279,TYO Animations,Hata Hiroyuki
31149,A-1 Pictures,Taguchi Tomohisa
40716,Ajia-Do,Murano Yuuta
2563,Hal Film Maker,Satou Junichi
30364,Production I.G,Morihiro Fumi
2236,Madhouse,Saitou Yuuichirou
9863,Tatsunoko Production,Kawaguchi Keiichirou
1367,TMS Entertainment,Yamamoto Yasuichiro
21855,Shaft,Shinbou Akiyuki
9656,Production I.G,Wada Jouji
41389,Seven Arcs,Ikehata Hiroshi
1364,TMS Entertainment,Suwa Michihiko
3604,Shaft,Iwakami Atsuhiro
2164,Madhouse,Iso Mitsuo
20507,Bones,Tamura Koutarou
21419,TMS Entertainment,Suwa Michihiko
11771,Production I.G,Morihiro Fumi
21557,Studio Ghibli,Nishimura Yoshiaki
22819,Sunrise,Kimura Ryuuichi
16706,Manglobe,Matsuda Akio
19123,Toei Animation,moumoon
40397,Doga Kobo,Yamazaki Mitsue
32995,MAPPA,Yamamoto Sayo
33489,Trigger,Usa Yoshiki
16067,P.A. Works,Shinohara Toshiya
27831,Shuka,Oomori Takahiro
34626,Studio Deen,Kanasaki Takaomi
82,Sunrise,Maseba Yutaka
31051,Production I.G,Morihiro Fumi
15323,Toei Animation,Tokoro Katsumi
3901,Brain's Base,Cook Justin
1566,Production I.G,Maseba Yutaka
27663,Studio Pierrot,Murata Masahiko
39592,Sunrise,Yasuhiko Yoshikazu
39196,Bandai Namco Pictures,Moriwaki Makoto
39468,Ajia-Do,Hongou Mitsuru
32615,Nut,Uemura Yutaka
14349,Trigger,Yoshinari You
31973,Sunrise,Matsuo Kou
36963,TROYCA,Saitou Souma
1471,Sunrise,Kodama Kenji
30123,Bones,Andou Masahiro
12477,Studio Rikka,Yoshiura Yasuhiro
532,Toei Animation,Maseba Yutaka
1486,Gallop,Cook Justin
535,E&G Films,Kobayashi Noriko
37932,Colored Pencil Animation,Xiong Ke
7720,A-1 Pictures,Ochikoshi Tomonori
10080,Manglobe,Matsuda Akio
41674,J.C.Staff,Satou Junichi
10049,Studio Deen,Fukuda Michio
38917,Haoliners Animation League,
29787,Kinema Citrus,Ogura Mitsutoshi
40082,TMS Entertainment,Yamazaki Takashi
17265,Satelight,Ishihira Shinji
39014,Kyoto Animation,Miyano Mamoru
14175,P.A. Works,Horikawa Kenji
40046,NAZ,Aoki Ei
42091,Wit Studio,Wada Jouji
14349,Trigger,Yoshinari You
1559,TMS Entertainment,Cook Justin
187,Studio Deen,Mima Masafumi
72,Kyoto Animation,Hatta Youko
7645,Toei Animation,Umezawa Atsutoshi
35678,Kyoto Animation,Ishihara Tatsuya
36563,TMS Entertainment,Moriyama You
34440,Sunrise,Izawa Motoi
14353,Madhouse,Matsuura Hiroaki
32615,Nut,Uemura Yutaka
44248,Lerche,Higa Yuuji
36106,Wit Studio,Nakatake Tetsuya
33263,Shaft,Shinbou Akiyuki
33071,Bones,Igarashi Takuya
32547,SILVER LINK.,Yoshida Reiko
24151,Production I.G,Kuroki Rui
3588,Bones,Igarashi Takuya
658,Madhouse,Maruyama Masao
85,Sunrise,Yatate Hajime
12403,Doga Kobo,Oota Masahiko
28297,Madhouse,Asaka Morio
39468,Ajia-Do,Hongou Mitsuru
9289,P.A. Works,Horikawa Kenji
23225,TYO Animations,Hata Hiroyuki
9963,TMS Entertainment,Suwa Michihiko
32093,SILVER LINK.,Kawatsura Shinya
16001,SILVER LINK.,Oonuma Shin
18397,Wit Studio,Wada Jouji
3228,Shaft,Kubota Mitsutoshi
27947,Telecom Animation Film,Tomonaga Kazuhide
7711,Studio Ghibli,Suzuki Toshio
795,Tezuka Productions,Dezaki Osamu
322,Madhouse,Yamamoto Kouji
153,Studio Pierrot,Kobayashi Tsuneo
9130,TMS Entertainment,Nabeshima Osamu
7222,Satelight,Sasaki Shirou
9734,Kyoto Animation,Takemoto Yasuhiro
39196,Bandai Namco Pictures,Moriwaki Makoto
846,Studio Comet,Cook Justin
95,Sunrise,Yatate Hajime
35198,Kyoto Animation,Kawanami Eisaku
27775,Doga Kobo,Toba Yousuke
37985,Fanworks,Rareko
26123,GoHands,Kanazawa Hiromichi
40853,Shirogumi,Suda Masaki
43523,C2C,Ishihira Shinji
18179,TMS Entertainment,Nabeshima Osamu
39592,Sunrise,Yasuhiko Yoshikazu
3371,Artland,Ishiguro Noboru
4059,Kyoto Animation,Tsuruoka Youta
2034,Toei Animation,Seki Hiromi
6377,Shaft,Miyamoto Junnosuke
11739,J.C.Staff,Kanbe Mamoru
4918,Production I.G,Mizushima Tsutomu
2167,Kyoto Animation,Hatta Youko
34437,Sunrise,Taniguchi Gorou
31741,Lay-duce,Miyao Yoshikazu
4938,Production I.G,Kuroki Rui
42351,Doga Kobo,Itou Ryouta
6547,P.A. Works,Horikawa Kenji
3927,Sunrise,Yatate Hajime
5365,Oh! Production,Katou Kunio
33221,Sunrise,Matsuo Kou
4106,Madhouse,Kitayama Shigeru
14719,David Production,Tsuda Naokatsu
2761,Sunrise,Takizawa Toshifumi
35806,Production I.G,Morihiro Fumi
38084,CloverWorks,Takeuchi Takashi
38080,Platinum Vision,Mizuno Ryouma
1065,Gallop,Sugii Gisaburou
8425,Bones,Nanba Hitoshi
6421,Bones,Irie Yasuhiro
29893,TYO Animations,Satou Junichi
6211,Bones,Tachibana Masaki
30415,Kyoto Animation,Takemoto Yasuhiro
1506,TMS Entertainment,Suwa Michihiko
12069,Madhouse,Mima Masafumi
38084,CloverWorks,Takeuchi Takashi
38080,Platinum Vision,Mizuno Ryouma
1065,Gallop,Sugii Gisaburou
8425,Bones,Nanba Hitoshi
6421,Bones,Irie Yasuhiro
29893,TYO Animations,Satou Junichi
6211,Bones,Tachibana Masaki
30415,Kyoto Animation,Takemoto Yasuhiro
1506,TMS Entertainment,Suwa Michihiko
12069,Madhouse,Mima Masafumi
38084,CloverWorks,Takeuchi Takashi
9563,Shaft,Iwakami Atsuhiro
32615,Nut,Uemura Yutaka
1506,TMS Entertainment,Suwa Michihiko
7645,Toei Animation,Umezawa Atsutoshi
28725,A-1 Pictures,Saitou Shunsuke
27947,Telecom Animation Film,Tomonaga Kazuhide
31973,Sunrise,Matsuo Kou
7720,A-1 Pictures,Ochikoshi Tomonori
9735,Sunrise,Sorachi Hideaki
24997,Sunrise,Kyougoku Takahiko
27775,Doga Kobo,Toba Yousuke
66,J.C.Staff,Nishikiori Hiroshi
36106,Wit Studio,Nakatake Tetsuya
3927,Sunrise,Yatate Hajime
32093,SILVER LINK.,Kawatsura Shinya
1363,TMS Entertainment,Suwa Michihiko
33071,Bones,Igarashi Takuya
42894,Shuka,Oomori Takahiro
33263,Shaft,Shinbou Akiyuki
11113,Production I.G,Matsushita Keiko
21469,Shirogumi,Yamazaki Takashi
38917,Haoliners Animation League,
4772,Hal Film Maker,Makino Yui
37675,Madhouse,Itou Naoyuki
4722,Hal Film Maker,Sayama Kiyoko
16870,Studio Pierrot,Kobayashi Tsuneo
16782,CoMix Wave Films,Kawaguchi Noritaka
26213,Kyoto Animation,Miyano Mamoru
779,TMS Entertainment,Cook Justin
25517,A-1 Pictures,Ochikoshi Tomonori
20057,Bones,Minami Masahiko
40665,Kinema Citrus,Furukawa Tomohiro
18429,TMS Entertainment,Kamegaki Hajime
34745,Production I.G,Ikehata Hiroshi
1482,TMS Entertainment,Sabat Christopher
570,Production I.G,Horikawa Kenji
22961,Production IMS,Marchi Jamie
780,TMS Entertainment,Cook Justin
1530,Kyoto Animation,Hatta Youko
19703,Toei Animation,Matsumoto Rie
249,Sunrise,Suwa Michihiko
37435,Bones,Watanabe Shinichiro
36704,Kyoto Animation,Kawanami Eisaku
2924,Shaft,Matsuda Akio
22097,Lay-duce,Saitou Shunsuke
543,Madhouse,Maruyama Masao
14741,Kyoto Animation,Nakamura Shinichi
15039,A-1 Pictures,Saitou Shunsuke
38770,TMS Entertainment,Aoyama Gosho
464,Toei Animation,Hosoda Mamoru
40620,Studio Blanc,Nagayama Nobuyoshi
1594,Studio Deen,Oomori Takahiro
6774,Toei Animation,Yamamoto Kouji
1604,Artland,Imaizumi Kenichi
38594,Science SARU,Yuasa Masaaki
7044,Shaft,Miyamoto Junnosuke
8740,Toei Animation,Itou Naoyuki
36702,Wit Studio,Wada Jouji
34438,Sunrise,Izawa Motoi
31174,Studio Pierrot,Fujita Youichi
19111,Sunrise,Kyougoku Takahiko
35798,TMS Entertainment,Tachikawa Yuzuru
793,Production I.G,Clinkenbeard Colleen
1695,Nippon Animation,Yamamoto Kouji
16395,Tatsunoko Production,Kawaguchi Keiichirou
37804,P.A. Works,Mizushima Tsutomu
39175,Signal.MD,Ishiguro Kyouhei
19489,Trigger,Ootsuka Masahiko
4053,M.S.C,Hamana Takayuki
2150,Telescreen,Saitou Hiroshi
36369,Production I.G,Kuroki Rui
10029,Studio Ghibli,Suzuki Toshio
4087,Manglobe,Yamamoto Kouji
4872,Shaft,Kubota Mitsutoshi
3702,Studio 4°C,Nagahama Hiroshi
3665,Artland,Shimizu Keizou
16,J.C.Staff,Kasai Kenichi
36028,Geno Studio,Nanba Hitoshi
2449,Production I.G,Kamiyama Kenji
39575,Satelight,Yamaoka Akira
30727,A-1 Pictures,Kamei Kanta
13331,White Fox,Motonaga Keitarou
10357,AIC ASTA,Kishi Seiji
9204,Ajia-Do,Fujimori Masaya
302,Nippon Animation,Hayakawa Keiji
6171,TMS Entertainment,Nabeshima Osamu
1376,Toei Animation,Satou Junichi
1257,Toei Animation,Yamauchi Shigeyasu
1023,Bones,Maseba Yutaka
851,Studio Pierrot,Mori Takeshi
790,Manglobe,Matsuda Akio
32998,Shuka,Kaburagi Hiro
39477,Wit Studio,
34504,GoHands,Kanazawa Hiromichi
2605,Shaft,Kubota Mitsutoshi
849,Kyoto Animation,Hatta Youko
4985,Seven Arcs,Kusakawa Keizou
4672,Production I.G,Oshii Mamoru
40269,Larx Entertainment,Kishi Seiji
25161,Toei Animation,Itou Naoyuki
25303,Production I.G,Morihiro Fumi
16,J.C.Staff,Kasai Kenichi
849,Kyoto Animation,Hatta Youko
37936,Nice Boat Animation,Lin Hun
36704,Kyoto Animation,Kawanami Eisaku
34021,Telecom Animation Film,Koike Takeshi
33280,production doA,Hashimoto Hiroyuki
12893,Sunrise,Yamauchi Yasunobu
43439,CloverWorks,Oohashi Kazuki
2150,Telescreen,Saitou Hiroshi
11237,Shaft,Iwakami Atsuhiro
2159,A-1 Pictures,Cook Justin
4280,ufotable,Iwakami Atsuhiro
861,Production I.G,Cook Justin
30902,TYO Animations,Hata Hiroyuki
37873,SANZIGEN,Miyajima Seiya
38770,TMS Entertainment,Aoyama Gosho
29829,TYO Animations,Satou Junichi
19111,Sunrise,Kyougoku Takahiko
37435,Bones,Watanabe Shinichiro
39575,Satelight,Yamaoka Akira
29830,TYO Animations,Satou Junichi
9941,Sunrise,Matsuura Hiroaki
14741,Kyoto Animation,Nakamura Shinichi
32998,Shuka,Kaburagi Hiro
43756,Zexcs,Kuroyanagi Toshimasa
30885,Bones,THE ORAL CIGARETTES
8408,Brain's Base,Matsushita Yuya
43691,Pine Jam,Yoneda Kazuhiro
934,Studio Deen,Kon Chiaki
3014,Artland,Ishiguro Noboru
33926,B.CMAY PICTURES,Xiong Ke
39651,Bones,Minami Masahiko
38333,production doA,Hashimoto Hiroyuki
37773,Lay-duce,Yamagishi Daigo
36286,White Fox,Watanabe Masaharu
36214,Zexcs,Satou Takuya
33191,David Production,Kato Toshiyuki
2951,Sunrise,Takamatsu Shinji
996,Toei Animation,Takahashi Akira
44807,Studio Chizu,Hosoda Mamoru
24,Studio Comet,Cook Justin
1921,Studio Pierrot,Oshii Mamoru
32836,Satelight,Ono Katsumi
2154,Studio 4°C,Kamagata Eiichi
14075,Bones,Saitou Shunsuke
26213,Kyoto Animation,Miyano Mamoru
3572,Satelight,Kawamori Shouji
41587,Bones,Nagasaki Kenji
26,Madhouse,Ueda Yasuyuki
22961,Production IMS,Marchi Jamie
41433,Studio Pierrot,Taguchi Tomohisa
22097,Lay-duce,Saitou Shunsuke
4087,Manglobe,Yamamoto Kouji
40665,Kinema Citrus,Furukawa Tomohiro
22319,Studio Pierrot,Morita Shuuhei
16395,Tatsunoko Production,Kawaguchi Keiichirou
36028,Geno Studio,Nanba Hitoshi
6774,Toei Animation,Yamamoto Kouji
41120,CloverWorks,Itou Tomohiko
39175,Signal.MD,Ishiguro Kyouhei
3603,APPP,Hayama Junichi
30727,A-1 Pictures,Kamei Kanta
6984,Shaft,Iwakami Atsuhiro
19489,Trigger,Ootsuka Masahiko
21877,J.C.Staff,Yamakawa Yoshiki
40429,Toei Animation,Kon Chiaki
5678,Madhouse,Masuhara Mitsuyuki
597,Studio Ghibli,Suzuki Toshio
38201,Studio Pierrot,Fujita Youichi
28,Sunrise,Yamakawa Norio
1470,Sunrise,Ueda Masuo
6438,TMS Entertainment,Ochi Koujin
6351,Kyoto Animation,Takao Noriko
530,Toei Animation,Satou Junichi
38145,Zero-G,Suzuki Kaoru
122,Studio Deen,Yamakawa Norio
552,Toei Animation,Seki Hiromi
15,Gallop,Miyake Masanori
37407,Studio Colorido,Satou Junichi
15771,A-1 Pictures,Kawamura Genki
4472,Kyoto Animation,Hatta Hideaki
4163,Gonzo,Kishi Seiji
31733,Toei Animation,Kon Chiaki
468,Production I.G,Suzuki Toshio
37027,Sunrise,Sakai Kazuo
35860,Shin-Ei Animation,Akagi Hiroaki
21185,Studio Pierrot,Murata Masahiko
2752,M.S.C,Hamana Takayuki
31953,Doga Kobo,Fujiwara Yoshiyuki
2448,Production I.G,Kamiyama Kenji
2321,Phoenix Entertainment,Shizuno Koubun
35240,Actas,Tachibana Masaki
1729,Studio Deen,Matsushita Yukihiro
40854,SANZIGEN,Kidani Takaaki
8426,AIC Classic,Saitou Shunsuke
9465,Production I.G,Hirasawa Nao
8142,Sunrise,Iwakami Atsuhiro
35672,8bit,Yamamoto Yuusuke
35240,Actas,Tachibana Masaki
21659,Trigger,Imaishi Hiroyuki
22265,Kyoto Animation,Utsumi Hiroko
27633,Doga Kobo,Barr Katelyn
31733,Toei Animation,Kon Chiaki
35320,Madhouse,Asaka Morio
145,Gainax,Tsurumaki Kazuya
2828,Madhouse,Dezaki Osamu
740,Toei Animation,Ikuhara Kunihiko
5678,Madhouse,Masuhara Mitsuyuki
31953,Doga Kobo,Fujiwara Yoshiyuki
10643,Sunrise,Takeuchi Shinji
1914,Madhouse,Shishido Jun
10083,Daume,Amino Tetsuro
33190,David Production,Nakayama Katsuichi
17895,J.C.Staff,Kon Chiaki
18153,Kyoto Animation,Nakamura Shinichi
16916,Production I.G,Morihiro Fumi
34902,Studio Gokumi,Kaneko Hiraku
1974,Tokyo Movie Shinsha,Hamatsu Mamoru
35073,Madhouse,Itou Naoyuki
21995,Production I.G,Kuroki Rui
324,Sunrise,Yoshinaga Naoyuki
2035,Ajia-Do,Kobayashi Tsuneo
31704,Madhouse,Yamaoka Minoru
21435,8bit,Yamamoto Yuusuke
31772,Madhouse,Hisagi Akitsugu
4447,TMS Entertainment,Suwa Michihiko
39764,TMS Entertainment,Shiina Ringo
8038,J.C.Staff,Ninomiya Tomoko
31483,Bones,Andou Masahiro
8310,TMS Entertainment,Hirano Toshiki
6115,TMS Entertainment,Nakatani Toshio
3785,Khara,Anno Hideaki
3782,ufotable,Iwakami Atsuhiro
7724,Daume,Amino Tetsuro
2158,Tokyo Kids,Yamasaki Osamu
39165,,
24471,Studio Deen,Nakatake Tetsuya
6213,J.C.Staff,Kawase Kouhei
41781,SANZIGEN,Kakimoto Koudai
35860,Shin-Ei Animation,Akagi Hiroaki
37029,Studio Deen,Yoneda Kazuhiro
18619,Actas,Mizushima Tsutomu
31637,A-1 Pictures,Kyougoku Takahiko
21185,Studio Pierrot,Murata Masahiko
31592,OLM,Yuyama Kunihiko
48849,Madhouse,Natsume Shingo
20767,Bones,Tamura Koutarou
2450,Shin-Ei Animation,Hara Keiichi
48804,OLM,Jinbo Masato
34284,Studio Gokumi,Kishi Seiji
36593,Toei Animation,Naitou Keisuke
11813,Brain's Base,Suzuki Takeyuki
24921,SANZIGEN,WEST GROUND
2397,Toei Animation,Seki Hiromi
10119,GoHands,Nakanishi Go
7588,Manglobe,Kimura Makoto
34445,Studio Gokumi,Fukuoka Motoo
23777,Wit Studio,Wada Jouji
15117,Manglobe,Osedo Satoshi
24893,Polygon Pictures,Seshita Hiroyuki
6438,TMS Entertainment,Ochi Koujin
645,Studio Pierrot,Endou Tetsuya
967,Toei Animation,Maseba Yutaka
21339,Production I.G,Morihiro Fumi
20847,GoHands,Kanazawa Hiromichi
20371,Studio Deen,Kon Chiaki
33899,TROYCA,Bessho Makoto
6033,Toei Animation,Sabat Christopher
4472,Kyoto Animation,Hatta Hideaki
4163,Gonzo,Kishi Seiji
6351,Kyoto Animation,Takao Noriko
15771,A-1 Pictures,Kawamura Genki
1379,A.C.G.T.,Watanabe Takashi
35972,A-1 Pictures,Ishihira Shinji
39597,A-1 Pictures,Ono Manabu
9513,Pierrot Plus,Takamoto Norihiro
24439,Bones,Furuya Daisuke
44586,Ajia-Do,Naya Ryousuke
1092,Sunrise,Maseba Yutaka
36474,A-1 Pictures,Miki Kazuma
36653,Kyoto Animation,Takemoto Yasuhiro
1088,Tatsunoko Production,Ishiguro Noboru
33502,Satelight,Wada Junichi
427,Gonzo,Satou Junichi
2752,M.S.C,Hamana Takayuki
2448,Production I.G,Kamiyama Kenji
2321,Phoenix Entertainment,Shizuno Koubun
1729,Studio Deen,Matsushita Yukihiro
1382,Sunrise,Kobayashi Shinichirou
33337,Madhouse,Natsume Shingo
32979,Studio 3Hz,Oshiyama Kiyotaka
597,Studio Ghibli,Suzuki Toshio
31339,Hoods Drifters Studio,Ueda Yasuyuki
35972,A-1 Pictures,Ishihira Shinji
36593,Toei Animation,Naitou Keisuke
33899,TROYCA,Bessho Makoto
22265,Kyoto Animation,Utsumi Hiroko
477,Hal Film Maker,Satou Junichi
33502,Satelight,Wada Junichi
9465,Production I.G,Hirasawa Nao
597,Studio Ghibli,Suzuki Toshio
7588,Manglobe,Kimura Makoto
39071,J.C.Staff,Sakurai Hiroaki
9074,Shaft,Ooshima Miku
33337,Madhouse,Natsume Shingo
49661,Khara,Fukushima Yuuichi
39165,,
42496,Sparkly Key Animation Studio,
44059,,
38410,,
37924,Fanworks,Rareko
36904,Fanworks,Rareko
17895,J.C.Staff,Kon Chiaki
20815,Studio Deen,Kita Shuhei
37341,C-Station,Itou Mutsumi
451,Sunrise,Ueda Masuo
24913,Brain's Base,Hanazawa Kana
120,Studio Deen,Cook Justin
1472,Sunrise,Kodama Kenji
1473,Sunrise,Egami Kiyoshi
240,Palm Studio,Ikehata Takashi
35191,Kyoto Animation,Kawanami Eisaku
38790,SILVER LINK.,Oonuma Shin
34161,Madhouse,Gou Fumiyuki
38027,Kyoto Animation,Katou Tatsuya
34349,Production I.G,Terajima Yuuji
24765,Lerche,Higa Yuuji
33845,Kyoto Animation,Kawanami Eisaku
34430,TMS Entertainment,Shizuno Koubun
20159,Production I.G,Kuroki Rui
569,Tatsunoko Production,Mashimo Kouichi
8687,Shin-Ei Animation,Kusuba Kouzou
21867,TMS Entertainment,Yamamoto Yasuichiro
37996,Lerche,Kouda Masato
20517,J.C.Staff,Yamakawa Yoshiki
32948,Zexcs,Kuroyanagi Toshimasa
34428,Madhouse,Gou Fumiyuki
31665,Kyoto Animation,Tsuruoka Youta
10935,AIC Classic,Aketagawa Jin
38555,SILVER LINK.,Inoue Keisuke
267,Madhouse,Kitayama Shigeru
28069,A-1 Pictures,Saitou Shunsuke
28479,TMS Entertainment,Suwa Michihiko
41488,8bit,Haibara Yuuji
38619,Passione,Takahashi Takeo
40221,Telecom Animation Film,Sano Takashi
39681,SANZIGEN,Matsuura Hiroaki
21405,Brain's Base,Miya Shigeyuki
30952,SANZIGEN,Sekijima Mayori
8197,A-1 Pictures,Kanbe Mamoru
37976,MAPPA,Sakai Munehisa
11123,Studio Deen,Kon Chiaki
8525,Manglobe,Matsuda Akio
28881,SANZIGEN,Shimizu Youji
709,Madhouse,Yano Yuuichirou
3165,Shaft,Iwakami Atsuhiro
21667,SILVER LINK.,Kawatsura Shinya
6956,A-1 Pictures,Saitou Shunsuke
19613,SANZIGEN,Hidaka Masamitsu
37958,Pierrot Plus,Kawasaki Itsurou
25015,Kyoto Animation,Ishidate Taichi
1887,Kyoto Animation,Takemoto Yasuhiro
25729,TYO Animations,Satou Junichi
20431,Wit Studio,Wada Jouji
32370,TMS Entertainment,Ashino Yoshiharu
37956,Hoods Entertainment,Naoya Takashi
30778,A-1 Pictures,Yamakawa Norio
23385,Kyoto Animation,Chihara Minori
18753,Brain's Base,Yoshimura Ai
985,Toei Animation,Watson Barry
24543,A-1 Pictures,Motonaga Keitarou
40540,A-1 Pictures,Nakajuu Shunsuke
8516,SILVER LINK.,Oonuma Shin
28669,Toei Animation,Takahashi Tomoko
40908,Ajia-Do,Fujimori Masaya
40904,feel.,Kobayashi Tomoki
28907,A-1 Pictures,Nakayama Nobuhiro
14511,feel.,Yamanaka Takahiro
37869,SANZIGEN,Kakimoto Koudai
154,Xebec,Yamakawa Norio
36259,DandeLion Animation Studio,Iwata Naomi
6802,A-1 Pictures,Matsumoto Miho
2952,Square Enix,Nozue Takeshi
40870,Trigger,Usa Yoshiki
23775,Wit Studio,Wada Jouji
40879,Sunrise,Sabat Christopher
34973,Sunrise,Sakai Kazuo
22,Trans Arts,Hamana Takayuki
32681,Trigger,Amemiya Akira
874,Toei Animation,Seki Hiromi
13535,Sunrise,Fujita Youichi
34984,Wit Studio,Okada Maiko
41094,Haoliners Animation League,
2175,Shaft,Kubota Mitsutoshi
474,Triangle Staff,Watanabe Shinichiro
16904,GoHands,Nakanishi Go
37807,Actas,Tachibana Masaki
34984,Wit Studio,Okada Maiko
22,Trans Arts,Hamana Takayuki
15731,TYO Animations,Satou Junichi
48590,Kyoto Animation,Cool-kyou Shinja
39555,TMS Entertainment,Hirano Toshiki
874,Toei Animation,Seki Hiromi
24765,Lerche,Higa Yuuji
97,Gonzo,Chigira Kouichi
21405,Brain's Base,Miya Shigeyuki
35823,A-1 Pictures,Fukunaga Gen
32268,Shaft,Shinbou Akiyuki
13667,Studio Pierrot,Date Hayato
6586,Studio Pierrot,Suzuki Iku
35658,Production I.G,
12117,TMS Entertainment,Suwa Michihiko
38002,Lerche,Kouda Masato
40504,OLM,Watanabe Ayumu
40571,C2C,Kubooka Toshiyuki
32370,TMS Entertainment,Ashino Yoshiharu
41061,C-Station,Afro
40936,Connect,Rakuda
40454,J.C.Staff,Tachibana Hideki
48556,Madhouse,Itou Yuuki
957,Madhouse,Shishido Jun
39495,Wit Studio,Ueda Youko
37682,Madhouse,Kousaka Kitarou
34428,Madhouse,Gou Fumiyuki
37996,Lerche,Kouda Masato
9510,Bridge,Oota Masahiko
33354,Madhouse,Asaka Morio
38027,Kyoto Animation,Katou Tatsuya
34161,Madhouse,Gou Fumiyuki
31289,Toei Animation,Koga Gou
11001,Production I.G,Hamana Takayuki
2471,Shin-Ei Animation,Shibayama Tsutomu
388,Studio Comet,Yamakawa Norio
35191,Kyoto Animation,Kawanami Eisaku
1462,Madhouse,Kawajiri Yoshiaki
7647,Shaft,Ooshima Miku
30191,Shuka,Oomori Takahiro
37141,David Production,Takahashi Yuuma
2582,Sunrise,Takahashi Ryousuke
397,Sunrise,Nagaoka Yasuchika
3750,Studio Deen,Matsuda Akio
24913,Brain's Base,Hanazawa Kana
2618,Madhouse,Dezaki Osamu
7193,Madhouse,Araki Tetsurou
37341,C-Station,Itou Mutsumi
34430,TMS Entertainment,Shizuno Koubun
28669,Toei Animation,Takahashi Tomoko
21867,TMS Entertainment,Yamamoto Yasuichiro
5231,OLM,Akiyama Katsuhito
35321,Production I.G,Matsushita Keiko
33845,Kyoto Animation,Kawanami Eisaku
10495,Doga Kobo,Oota Masahiko
20815,Studio Deen,Kita Shuhei
1505,TMS Entertainment,Suwa Michihiko
34349,Production I.G,Terajima Yuuji
9724,Production I.G,Hirasawa Nao
1366,TMS Entertainment,Suwa Michihiko
14511,feel.,Yamanaka Takahiro
9252,Production I.G,Hirasawa Nao
202,Bones,Maseba Yutaka
20159,Production I.G,Kuroki Rui
31859,A-1 Pictures,Nakamura Ryousuke
1172,E&G Films,Kobayashi Noriko
10935,AIC Classic,Aketagawa Jin
2829,Nippon Animation,Kusuba Kouzou
39355,Lerche,Kishi Seiji
12883,A-1 Pictures,Kimura Makoto
20431,Wit Studio,Wada Jouji
31665,Kyoto Animation,Tsuruoka Youta
28907,A-1 Pictures,Nakayama Nobuhiro
20517,J.C.Staff,Yamakawa Yoshiki
1095,Production I.G,Ishikawa Mitsuhisa
28677,LIDENFILMS,Hirasawa Nao
28069,A-1 Pictures,Saitou Shunsuke
23385,Kyoto Animation,Chihara Minori
8197,A-1 Pictures,Kanbe Mamoru
38790,SILVER LINK.,Oonuma Shin
36038,Signal.MD,Yaginuma Kazuyoshi
21667,SILVER LINK.,Kawatsura Shinya
1281,Studio Pierrot,Abe Noriyuki
30952,SANZIGEN,Sekijima Mayori
18753,Brain's Base,Yoshimura Ai
15061,Sunrise,Hosoya Nobuyuki
37614,C2C,Anzai Takefumi
33988,A-1 Pictures,Andou Ryou
3165,Shaft,Iwakami Atsuhiro
28479,TMS Entertainment,Suwa Michihiko
31783,TMS Entertainment,Nabeshima Osamu
41694,LIDENFILMS,Yamamoto Hideyo
516,Sunrise,Satou Junichi
1412,Tokyo Movie Shinsha,Takahata Isao
516,Sunrise,Satou Junichi
1412,Tokyo Movie Shinsha,Takahata Isao
21573,Satelight,Ono Katsumi
37150,Sparkly Key Animation Studio,Tang Jia San Shao
19115,Production I.G,Nishikubo Mizuho
36470,Doga Kobo,Yamazaki Mitsue
35777,dwarf,Kobayashi Masahito
8937,J.C.Staff,Kawase Kouhei
534,E&G Films,Kobayashi Noriko
34439,Sunrise,Taniguchi Gorou
1491,Toei Animation,Nishizawa Nobutaka
14131,Actas,Mizushima Tsutomu
34414,Satelight,Takamatsu Shinji
371,Madhouse,Maseba Yutaka
37109,Lerche,Kashiki Takuto
31931,Xebec,Nakayama Katsuichi
33731,Doga Kobo,Oota Masahiko
87,Sunrise,Yatate Hajime
567,Sunrise,Maseba Yutaka
30714,Wit Studio,Nakatake Tetsuya
31552,Shuka,Oomori Takahiro
2961,Toei Animation,Seki Hiromi
36094,Lerche,Higa Yuuji
1571,J.C.Staff,Cook Justin
33091,David Production,Tsuda Naokatsu
8675,GoHands,Nakanishi Go
15989,Studio Gokumi,Ono Manabu
21327,Brain's Base,Iwasaki Tarou
7592,Studio Deen,Nishimura Junji
14407,AIC ASTA,Sakurai Takashi
14735,TMS Entertainment,Suwa Michihiko
31764,Madhouse,Nakayama Nobuhiro
2593,ufotable,Iwakami Atsuhiro
2594,Madhouse,Saitou Yuuichirou
35789,TMS Entertainment,Nabeshima Osamu
18849,Brain's Base,Oomori Takahiro
2623,Nippon Animation,Kuroda Yoshio
32863,Lerche,
6505,,Amalloc
4177,Bones,Miyaji Masayuki
40841,Ajia-Do,Hongou Mitsuru
37621,Shin-Ei Animation,Enomoto Takahiro
35673,8bit,Yamamoto Yuusuke
36220,Lay-duce,Tsukada Takurou
32915,Shuka,Ooshiro Miyuki
33064,Xebec,Habara Nobuyoshi
11889,A-1 Pictures,Nishigori Atsushi254,Shin-Ei Animation,Mizushima Tsutomu
15487,Production I.G,Fujimaki Tadatoshi
21273,White Fox,Ogura Mitsutoshi
4898,A-1 Pictures,Shinohara Toshiya
31553,P.A. Works,Asai Yoshiyuki
30347,A-1 Pictures,FLOW
12017,Sunrise,Yonetani Yoshitomo
1818,Madhouse,Cook Justin
1852,Shaft,Iwakami Atsuhiro
15793,Satelight,Ono Katsumi
7304,TMS Entertainment,
11737,A-1 Pictures,Matsumoto Miho
4981,Madhouse,Yamauchi Shigeyasu
27601,Kyoto Animation,Ishihara Tatsuya
1915,Seven Arcs,Kusakawa Keizou
25801,Studio Deen,Omata Shinichi
25341,Production I.G,Hanae Natsuki
18139,Shin-Ei Animation,Mutou Yuuji
35241,Lerche,Okamoto Hideki
6024,Madhouse,Masuhara Mitsuyuki
1719,Nomad,Nakamura Shinichi
22125,Production I.G,Morihiro Fumi
2994,Madhouse,Tamura Manabu
40496,SILVER LINK.,Nakayama Nobuhiro
6582,AIC ASTA,Kishi Seiji
2076,Toei Animation,Suwa Michihiko
37497,P.A. Works,Shinohara Toshiya
18499,Tatsunoko Production,Nakamura Shinichi
2104,Gonzo,Kishi Seiji
9919,A-1 Pictures,Okamura Tensai
19671,Kyoto Animation,Katou Tatsuya
16934,Kyoto Animation,Utsumi Hiroko
34374,Studio Gokumi,Kishi Seiji
23269,Studio Gokumi,Tanaka Motoki
40024,Toei Animation,Kon Chiaki
856,OLM,Iwasa Gaku
15959,Studio Deen,LM.C
34136,Telecom Animation Film,Hamasaki Hiroshi
450,Sunrise,Ueda Masuo
160,AIC,Daichi Akitarou
28249,SANZIGEN,Satomi Tetsurou
23321,Studio Deen,Ishihira Shinji
35079,Lerche,Taguchi Tomohisa
96,Sunrise,Yatate Hajime
10389,Production I.G,Matsushita Keiko
890,Sunrise,Yonetani Yoshitomo
10469,Shaft,Kumeta Kouji
40392,Ezόla,Nagayama Nobuyoshi
33034,Studio Gokumi,Tanaka Motoki
345,Studio Pierrot,Kobayashi Tsuneo
10460,J.C.Staff,Kanbe Mamoru
48780,CloverWorks,Tatsuwa Naoyuki
19775,Polygon Pictures,Shizuno Koubun
517,Studio Comet,Cook Justin
33034,Studio Gokumi,Tanaka Motoki
96,Sunrise,Yatate Hajime
890,Sunrise,Yonetani Yoshitomo
30413,TMS Entertainment,Naganuma Norihiro
20031,Brain's Base,Sugahara Shizutaka
6505,,Amalloc
38816,Graphinica,Itou Tomohiko
345,Studio Pierrot,Kobayashi Tsuneo
37497,P.A. Works,Shinohara Toshiya
19775,Polygon Pictures,Shizuno Koubun
351,Toei Animation,Seki Hiromi
45055,SynergySP,Hatori Jun
4177,Bones,Miyaji Masayuki
22101,Studio Pierrot,Kamegaki Hajime
6172,OLM,Horikawa Kenji
352,Toei Animation,Shibata Hiroaki
8675,GoHands,Nakanishi Go
32863,Lerche,
37441,Production I.G,Morihiro Fumi
22147,Kyoto Animation,Takemoto Yasuhiro
37109,Lerche,Kashiki Takuto
35241,Lerche,Okamoto Hideki
42590,Shin-Ei Animation,Akagi Hiroaki
40024,Toei Animation,Kon Chiaki
32870,Production I.G,Morihiro Fumi
9919,A-1 Pictures,Okamura Tensai
46093,P.A. Works,Shinohara Toshiya
407,Studio Pierrot,Abe Noriyuki
14227,Brain's Base,Kaburagi Hiro
30714,Wit Studio,Nakatake Tetsuya
14131,Actas,Mizushima Tsutomu
31552,Shuka,Oomori Takahiro
531,Toei Animation,Ikuhara Kunihiko
33091,David Production,Tsuda Naokatsu
40841,Ajia-Do,Hongou Mitsuru
37621,Shin-Ei Animation,Enomoto Takahiro
42361,Telecom Animation Film,Hanai Hirokazu
38400,Kyoto Animation,Kawanami Eisaku
31764,Madhouse,Nakayama Nobuhiro
34439,Sunrise,Taniguchi Gorou
2961,Toei Animation,Seki Hiromi
10378,Diomedéa,Mizushima Tsutomu
522,Madhouse,Maseba Yutaka
21573,Satelight,Ono Katsumi
35079,Lerche,Taguchi Tomohisa
39491,Production I.G,Morihiro Fumi
32915,Shuka,Ooshiro Miyuki
450,Sunrise,Ueda Masuo
33064,Xebec,Habara Nobuyoshi
12031,Studio Pierrot,Kamiya Jun
2963,Daume,Yamanaka Takahiro
30347,A-1 Pictures,FLOW
19671,Kyoto Animation,Katou Tatsuya
18849,Brain's Base,Oomori Takahiro
479,Studio Deen,Watanabe Hiroshi
4981,Madhouse,Yamauchi Shigeyasu
1239,Toei Animation,Maseba Yutaka
371,Madhouse,Maseba Yutaka
2623,Nippon Animation,Kuroda Yoshio
2594,Madhouse,Saitou Yuuichirou
15989,Studio Gokumi,Ono Manabu
27601,Kyoto Animation,Ishihara Tatsuya
1254,Toei Animation,Yokoyama Kazuo
25801,Studio Deen,Omata Shinichi
2593,ufotable,Iwakami Atsuhiro
41694,LIDENFILMS,Yamamoto Hideyo
488,Daume,Satou Takuya
15487,Production I.G,Fujimaki Tadatoshi
34414,Satelight,Takamatsu Shinji
35673,8bit,Yamamoto Yuusuke
31553,P.A. Works,Asai Yoshiyuki
25341,Production I.G,Hanae Natsuki
11889,A-1 Pictures,Nishigori Atsushi
87,Sunrise,Yatate Hajime
10460,J.C.Staff,Kanbe Mamoru
2273,Sunrise,Yatate Hajime
21737,TYO Animations,Sakamoto Maaya
39988,Studio PuYUKAI,Ashina Minoru
38787,Connect,Jinbo Masato
17947,Seven Arcs Pictures,Hamana Takayuki
9396,Bridge,Ebina Yasunori
38472,Studio PuYUKAI,Ashina Minoru
5530,Xebec,Kajiura Yuki
15591,J.C.Staff,Miyamoto Junnosuke
13767,Studio Deen,Kon Chiaki
13267,Diomedéa,Wakabayashi Kazuhiro
16273,AIC,Tenkawa Nobuhiko
1485,Studio Pierrot,Oomori Takahiro
18507,Kyoto Animation,Nakamura Shinichi
9366,J.C.Staff,heidi
33520,Wit Studio,Okada Maiko
32792,Sunrise,Furuhashi Kazuhiro
34262,Bridge,Umetsu Satoshi
3545,Gallop,Yasumi Tetsuo
38759,Doga Kobo,Koshida Tomoaki
40938,Project No.9,Kamikita Manabu
5485,Bee Media,Imagawa Yasuhiro
11553,J.C.Staff,Aketagawa Jin
34618,A-1 Pictures,Masuyama Ryouji
16241,Production I.G,Oogami Yuuma
3713,Studio Deen,Watanabe Hiroshi
1562,Nippon Animation,Watanabe Takashi
10216,Production I.G,Mizushima Tsutomu
39705,J.C.Staff,Furukawa Makoto
37890,8bit,Yamamoto Yuusuke
8086,Zexcs,Kawasaki Itsurou
6773,J.C.Staff,Kawase Kouhei
34514,OLM,Imai Arifumi
38939,MAPPA,Naomura Tooru
253,Shin-Ei Animation,Mizushima Tsutomu
589,Toei Animation,Katsumata Tomoharu
41497,CloverWorks,Akai Toshifumi
10500,Telecom Animation Film,Takiguchi Teiichi
38710,Geno Studio,eastern youth
1301,Toei Animation,Rintaro
3841,Madhouse,Masuhara Mitsuyuki
48438,Studio Kafka,Terasawa Kazuaki
37596,,Aoki Jun
31989,Kyoto Animation,Ishihara Tatsuya
1606,Sunrise,Kodama Kenji
5005,AIC ASTA,Kishi Seiji
40416,GEEK TOYS,Nakagawa Jun
74,Group TAC,Oomori Takahiro
28539,MAPPA,Hayashi Yuuichirou
8247,Studio Pierrot,Kobayashi Noriko
39585,Toei Animation,
40839,TMS Entertainment,Koga Kazuomi
29854,MAPPA,Nishimura Satoshi
38699,Bones,Horikoshi Kouhei
38313,Tear Studio,Kikuchi Katsuya
8557,Diomedéa,Mizushima Tsutomu
