,https://myanimelist.net/anime/,404
,https://myanimelist.net/anime/,404
254,https://myanimelist.net/anime/254,403
15487,https://myanimelist.net/anime/15487,403
4898,https://myanimelist.net/anime/4898,403
31553,https://myanimelist.net/anime/31553,403
30347,https://myanimelist.net/anime/30347,403
12017,https://myanimelist.net/anime/12017,403
1818,https://myanimelist.net/anime/1818,403
1852,https://myanimelist.net/anime/1852,403
15793,https://myanimelist.net/anime/15793,403
7304,https://myanimelist.net/anime/7304,403
11737,https://myanimelist.net/anime/11737,403
4981,https://myanimelist.net/anime/4981,403
27601,https://myanimelist.net/anime/27601,403
1915,https://myanimelist.net/anime/1915,403
25801,https://myanimelist.net/anime/25801,403
25341,https://myanimelist.net/anime/25341,403
18139,https://myanimelist.net/anime/18139,403
35241,https://myanimelist.net/anime/35241,403
6024,https://myanimelist.net/anime/6024,403
1719,https://myanimelist.net/anime/1719,403
22125,https://myanimelist.net/anime/22125,403
2994,https://myanimelist.net/anime/2994,403
40496,https://myanimelist.net/anime/40496,403
6582,https://myanimelist.net/anime/6582,403
2076,https://myanimelist.net/anime/2076,403
37497,https://myanimelist.net/anime/37497,403
18499,https://myanimelist.net/anime/18499,403
2104,https://myanimelist.net/anime/2104,403
9919,https://myanimelist.net/anime/9919,403
19671,https://myanimelist.net/anime/19671,403
16934,https://myanimelist.net/anime/16934,403
34374,https://myanimelist.net/anime/34374,403
23269,https://myanimelist.net/anime/23269,403
254,https://myanimelist.net/anime/254,403
15487,https://myanimelist.net/anime/15487,403
21273,https://myanimelist.net/anime/21273,403
4898,https://myanimelist.net/anime/4898,403
31553,https://myanimelist.net/anime/31553,403
30347,https://myanimelist.net/anime/30347,403
12017,https://myanimelist.net/anime/12017,403
1818,https://myanimelist.net/anime/1818,403
1852,https://myanimelist.net/anime/1852,403
15793,https://myanimelist.net/anime/15793,403
7304,https://myanimelist.net/anime/7304,403
11737,https://myanimelist.net/anime/11737,403
4981,https://myanimelist.net/anime/4981,403
27601,https://myanimelist.net/anime/27601,403
1915,https://myanimelist.net/anime/1915,403
25801,https://myanimelist.net/anime/25801,403
25341,https://myanimelist.net/anime/25341,403
18139,https://myanimelist.net/anime/18139,403
35241,https://myanimelist.net/anime/35241,403
6024,https://myanimelist.net/anime/6024,403
36043,https://myanimelist.net/anime/36043,403
36884,https://myanimelist.net/anime/36884,403
34103,https://myanimelist.net/anime/34103,403
10568,https://myanimelist.net/anime/10568,403
6444,https://myanimelist.net/anime/6444,403
